subject,modeldate,party,approve_estimate,disapprove_estimate,timestamp
Trump,10/21/2020,all,39.366522,57.640428,11:20:20 21 Oct 2020
Trump,10/21/2020,R,81.916316,15.431775,11:20:16 21 Oct 2020
Trump,10/21/2020,I,35.101431,60.596209,11:20:13 21 Oct 2020
Trump,10/21/2020,D,6.4922101,89.79633,11:20:10 21 Oct 2020
Trump,10/20/2020,all,39.645478,57.615606,21:15:19 20 Oct 2020
Trump,10/20/2020,R,82.316006,15.560453,21:15:15 20 Oct 2020
Trump,10/20/2020,I,35.241132,60.530877,21:15:12 20 Oct 2020
Trump,10/20/2020,D,6.5354294,89.712595,21:15:09 20 Oct 2020
Trump,10/19/2020,D,6.4898947,91.006196,18:55:09 19 Oct 2020
Trump,10/19/2020,all,39.634628,57.522551,18:55:19 19 Oct 2020
Trump,10/19/2020,R,82.556642,15.450704,18:55:15 19 Oct 2020
Trump,10/19/2020,I,35.292873,60.458776,18:55:12 19 Oct 2020
Trump,10/18/2020,D,6.4911474,92.247823,07:20:12 19 Oct 2020
Trump,10/18/2020,all,39.767295,57.372575,07:20:31 19 Oct 2020
Trump,10/18/2020,I,35.189626,60.678243,07:20:17 19 Oct 2020
Trump,10/18/2020,R,83.063868,14.973541,07:20:23 19 Oct 2020
Trump,10/17/2020,all,39.767295,57.372575,08:35:18 17 Oct 2020
Trump,10/17/2020,R,83.063868,14.973541,08:35:13 17 Oct 2020
Trump,10/17/2020,I,35.189626,60.678243,08:35:11 17 Oct 2020
Trump,10/17/2020,D,6.4911474,92.247823,08:35:08 17 Oct 2020
Trump,10/16/2020,all,39.767295,57.372575,19:05:18 16 Oct 2020
Trump,10/16/2020,R,83.063868,14.973541,19:05:14 16 Oct 2020
Trump,10/16/2020,I,35.189626,60.678243,19:05:11 16 Oct 2020
Trump,10/16/2020,D,6.4911474,92.247823,19:05:08 16 Oct 2020
Trump,10/15/2020,D,6.420207,92.263963,22:40:10 15 Oct 2020
Trump,10/15/2020,all,39.780017,57.364492,22:40:20 15 Oct 2020
Trump,10/15/2020,R,82.940494,14.906048,22:40:16 15 Oct 2020
Trump,10/15/2020,I,34.999781,60.913465,22:40:13 15 Oct 2020
Trump,10/14/2020,all,40.426808,56.676862,21:45:18 14 Oct 2020
Trump,10/14/2020,R,82.464071,15.395735,21:45:14 14 Oct 2020
Trump,10/14/2020,I,35.534509,60.172293,21:45:11 14 Oct 2020
Trump,10/14/2020,D,6.7808634,91.91831,21:45:09 14 Oct 2020
Trump,10/13/2020,all,40.462512,56.741423,22:15:19 13 Oct 2020
Trump,10/13/2020,R,82.528124,15.394011,22:15:15 13 Oct 2020
Trump,10/13/2020,I,35.390114,60.167731,22:15:12 13 Oct 2020
Trump,10/13/2020,D,7.1497678,91.69785,22:15:09 13 Oct 2020
Trump,10/12/2020,all,40.401943,56.742816,07:30:35 13 Oct 2020
Trump,10/12/2020,I,35.06613,60.517196,07:30:22 13 Oct 2020
Trump,10/12/2020,R,82.095936,15.782791,07:30:27 13 Oct 2020
Trump,10/12/2020,D,7.5781504,91.138656,07:30:16 13 Oct 2020
Trump,10/11/2020,all,40.401943,56.742816,07:25:17 11 Oct 2020
Trump,10/11/2020,R,82.095936,15.782791,07:25:13 11 Oct 2020
Trump,10/11/2020,I,35.06613,60.517196,07:25:10 11 Oct 2020
Trump,10/11/2020,D,7.5781504,91.138656,07:25:07 11 Oct 2020
Trump,10/10/2020,all,40.39881,56.667652,18:35:17 10 Oct 2020
Trump,10/10/2020,R,81.84687,15.978173,18:35:13 10 Oct 2020
Trump,10/10/2020,I,35.000656,60.286144,18:35:10 10 Oct 2020
Trump,10/10/2020,D,7.9497318,90.783919,18:35:07 10 Oct 2020
Trump,10/9/2020,all,40.39881,56.667652,11:45:18  9 Oct 2020
Trump,10/9/2020,R,81.84687,15.978173,11:45:14  9 Oct 2020
Trump,10/9/2020,I,35.000656,60.286144,11:45:11  9 Oct 2020
Trump,10/9/2020,D,7.9497318,90.783919,11:45:09  9 Oct 2020
Trump,10/8/2020,all,40.460582,56.617121,09:25:18  8 Oct 2020
Trump,10/8/2020,R,82.458819,15.384265,09:25:14  8 Oct 2020
Trump,10/8/2020,I,35.000656,60.286144,09:25:11  8 Oct 2020
Trump,10/8/2020,D,8.0963785,90.570808,09:25:09  8 Oct 2020
Trump,10/7/2020,D,8.0963785,90.570808,18:10:08  7 Oct 2020
Trump,10/7/2020,all,40.463965,56.591352,18:10:17  7 Oct 2020
Trump,10/7/2020,R,82.458819,15.384265,18:10:13  7 Oct 2020
Trump,10/7/2020,I,35.000656,60.286144,18:10:10  7 Oct 2020
Trump,10/6/2020,all,40.337174,56.781179,09:35:18  6 Oct 2020
Trump,10/6/2020,R,82.514096,15.390333,09:35:14  6 Oct 2020
Trump,10/6/2020,I,35.084567,60.54877,09:35:11  6 Oct 2020
Trump,10/6/2020,D,8.0046117,90.752253,09:35:09  6 Oct 2020
Trump,10/5/2020,all,40.33357,56.51929,18:45:19  5 Oct 2020
Trump,10/5/2020,R,82.444841,15.441655,18:45:15  5 Oct 2020
Trump,10/5/2020,I,35.074828,60.539409,18:45:12  5 Oct 2020
Trump,10/5/2020,D,8.0656446,90.713092,18:45:10  5 Oct 2020
Trump,10/4/2020,all,40.502085,56.591676,18:55:17  4 Oct 2020
Trump,10/4/2020,R,82.37921,15.461134,18:55:13  4 Oct 2020
Trump,10/4/2020,I,35.116994,60.409901,18:55:11  4 Oct 2020
Trump,10/4/2020,D,8.5589979,90.217533,18:55:08  4 Oct 2020
Trump,10/3/2020,all,40.392943,56.53996,14:00:21  3 Oct 2020
Trump,10/3/2020,R,82.320469,15.59624,14:00:17  3 Oct 2020
Trump,10/3/2020,I,34.873466,60.098082,14:00:14  3 Oct 2020
Trump,10/3/2020,D,10.574982,88.087847,14:00:12  3 Oct 2020
Trump,10/2/2020,all,40.439181,56.4821,18:35:17  2 Oct 2020
Trump,10/2/2020,R,82.425307,15.512033,18:35:13  2 Oct 2020
Trump,10/2/2020,I,34.994328,60.054925,18:35:11  2 Oct 2020
Trump,10/2/2020,D,8.6110759,89.986192,18:35:08  2 Oct 2020
Trump,10/1/2020,all,40.441608,56.462899,20:10:18  1 Oct 2020
Trump,10/1/2020,R,82.292572,15.63646,20:10:14  1 Oct 2020
Trump,10/1/2020,I,35.150252,59.913915,20:10:12  1 Oct 2020
Trump,10/1/2020,D,8.5215555,90.017656,20:10:09  1 Oct 2020
Trump,9/30/2020,all,40.192542,56.459563,19:15:33 30 Sep 2020
Trump,9/30/2020,R,81.840366,15.929203,19:15:26 30 Sep 2020
Trump,9/30/2020,I,34.623011,59.686211,19:15:21 30 Sep 2020
Trump,9/30/2020,D,8.7281332,89.683001,19:15:16 30 Sep 2020
Trump,9/29/2020,all,40.147056,56.383355,07:55:19 29 Sep 2020
Trump,9/29/2020,R,81.673662,16.014408,07:55:15 29 Sep 2020
Trump,9/29/2020,I,34.298936,59.549241,07:55:13 29 Sep 2020
Trump,9/29/2020,D,8.8390174,89.508405,07:55:10 29 Sep 2020
Trump,9/28/2020,all,40.131607,56.415474,11:05:17 28 Sep 2020
Trump,9/28/2020,R,81.554482,16.101741,11:05:13 28 Sep 2020
Trump,9/28/2020,I,34.327791,59.491669,11:05:11 28 Sep 2020
Trump,9/28/2020,D,8.8777249,89.488379,11:05:08 28 Sep 2020
Trump,9/27/2020,all,40.071606,56.46874,16:20:16 27 Sep 2020
Trump,9/27/2020,R,81.554482,16.101741,16:20:13 27 Sep 2020
Trump,9/27/2020,I,34.327791,59.491669,16:20:10 27 Sep 2020
Trump,9/27/2020,D,8.8777249,89.488379,16:20:08 27 Sep 2020
Trump,9/26/2020,all,40.071606,56.46874,01:00:29 27 Sep 2020
Trump,9/26/2020,R,81.554482,16.101741,01:00:22 27 Sep 2020
Trump,9/26/2020,D,8.8777249,89.488379,01:00:12 27 Sep 2020
Trump,9/26/2020,I,34.327791,59.491669,01:00:17 27 Sep 2020
Trump,9/25/2020,all,40.155982,56.374286,22:35:28 25 Sep 2020
Trump,9/25/2020,R,81.554482,16.101741,22:35:20 25 Sep 2020
Trump,9/25/2020,I,34.327791,59.491669,22:35:15 25 Sep 2020
Trump,9/25/2020,D,8.8777249,89.488379,22:35:11 25 Sep 2020
Trump,9/24/2020,all,40.06227,56.499633,13:55:17 24 Sep 2020
Trump,9/24/2020,R,81.367577,16.210263,13:55:13 24 Sep 2020
Trump,9/24/2020,I,34.327791,59.491669,13:55:11 24 Sep 2020
Trump,9/24/2020,D,8.5783905,89.656007,13:55:08 24 Sep 2020
Trump,9/23/2020,all,40.025009,56.485242,18:40:19 23 Sep 2020
Trump,9/23/2020,R,81.26229,16.291133,18:40:15 23 Sep 2020
Trump,9/23/2020,I,34.397735,59.063623,18:40:12 23 Sep 2020
Trump,9/23/2020,D,8.607797,89.620465,18:40:09 23 Sep 2020
Trump,9/22/2020,all,39.686757,56.215412,20:00:17 22 Sep 2020
Trump,9/22/2020,R,81.387307,15.93994,20:00:13 22 Sep 2020
Trump,9/22/2020,I,33.064844,59.790453,20:00:11 22 Sep 2020
Trump,9/22/2020,D,8.2356514,89.561751,20:00:08 22 Sep 2020
Trump,9/21/2020,D,8.2814974,89.535724,20:55:08 21 Sep 2020
Trump,9/21/2020,all,39.689029,56.206525,20:55:17 21 Sep 2020
Trump,9/21/2020,R,81.26737,16.016374,20:55:13 21 Sep 2020
Trump,9/21/2020,I,33.033059,59.737208,20:55:11 21 Sep 2020
Trump,9/20/2020,R,81.36969,16.052393,09:05:13 20 Sep 2020
Trump,9/20/2020,all,40.032717,55.986788,09:05:17 20 Sep 2020
Trump,9/20/2020,I,33.087261,59.774491,09:05:11 20 Sep 2020
Trump,9/20/2020,D,8.5690923,89.535121,09:05:08 20 Sep 2020
Trump,9/19/2020,I,33.087261,59.774491,07:10:16 20 Sep 2020
Trump,9/19/2020,R,81.36969,16.052393,07:10:21 20 Sep 2020
Trump,9/19/2020,D,8.5690923,89.535121,07:10:12 20 Sep 2020
Trump,9/19/2020,all,40.012083,55.94792,07:10:28 20 Sep 2020
Trump,9/18/2020,R,81.36969,16.052393,16:20:13 18 Sep 2020
Trump,9/18/2020,all,40.012083,55.94792,16:20:17 18 Sep 2020
Trump,9/18/2020,I,33.087261,59.774491,16:20:11 18 Sep 2020
Trump,9/18/2020,D,8.5690923,89.535121,16:20:08 18 Sep 2020
Trump,9/17/2020,all,39.933629,55.981212,15:25:16 17 Sep 2020
Trump,9/17/2020,R,81.912495,15.588145,15:25:12 17 Sep 2020
Trump,9/17/2020,I,33.186437,59.847269,15:25:10 17 Sep 2020
Trump,9/17/2020,D,8.4570204,89.52182,15:25:08 17 Sep 2020
Trump,9/16/2020,all,39.766791,56.032443,16:40:18 16 Sep 2020
Trump,9/16/2020,R,81.912495,15.588145,16:40:14 16 Sep 2020
Trump,9/16/2020,I,33.186437,59.847269,16:40:12 16 Sep 2020
Trump,9/16/2020,D,8.4570204,89.52182,16:40:09 16 Sep 2020
Trump,9/15/2020,all,39.804428,55.98395,20:20:17 15 Sep 2020
Trump,9/15/2020,R,82.009858,15.545955,20:20:13 15 Sep 2020
Trump,9/15/2020,I,33.637289,59.944594,20:20:11 15 Sep 2020
Trump,9/15/2020,D,8.4369257,89.493771,20:20:09 15 Sep 2020
Trump,9/14/2020,R,81.92716,15.625307,18:30:14 14 Sep 2020
Trump,9/14/2020,all,39.803178,55.978339,18:30:17 14 Sep 2020
Trump,9/14/2020,I,33.672122,59.914288,18:30:11 14 Sep 2020
Trump,9/14/2020,D,8.4764011,89.444709,18:30:09 14 Sep 2020
Trump,9/13/2020,all,39.820724,56.086824,09:05:15 13 Sep 2020
Trump,9/13/2020,R,81.807527,15.814821,09:05:12 13 Sep 2020
Trump,9/13/2020,I,33.829484,60.084168,09:05:09 13 Sep 2020
Trump,9/13/2020,D,8.3983954,89.611424,09:05:07 13 Sep 2020
Trump,9/12/2020,all,39.313817,56.325921,16:30:16 12 Sep 2020
Trump,9/12/2020,R,81.163845,16.237068,16:30:12 12 Sep 2020
Trump,9/12/2020,I,33.959789,59.768067,16:30:10 12 Sep 2020
Trump,9/12/2020,D,8.4223247,89.498972,16:30:08 12 Sep 2020
Trump,9/11/2020,D,8.4223247,89.498972,16:15:10 12 Sep 2020
Trump,9/11/2020,I,33.959789,59.768067,16:15:15 12 Sep 2020
Trump,9/11/2020,R,81.163845,16.237068,16:15:20 12 Sep 2020
Trump,9/11/2020,all,39.313817,56.325921,16:15:27 12 Sep 2020
Trump,9/10/2020,all,39.324228,56.39836,13:05:15 10 Sep 2020
Trump,9/10/2020,R,81.144942,16.253733,13:05:12 10 Sep 2020
Trump,9/10/2020,I,33.990567,59.757046,13:05:10 10 Sep 2020
Trump,9/10/2020,D,8.3073457,89.67196,13:05:07 10 Sep 2020
Trump,9/9/2020,all,38.9347,56.641147,18:05:16  9 Sep 2020
Trump,9/9/2020,R,80.400358,16.832169,18:05:13  9 Sep 2020
Trump,9/9/2020,I,33.850894,59.837029,18:05:10  9 Sep 2020
Trump,9/9/2020,D,8.0262437,89.899614,18:05:08  9 Sep 2020
Trump,9/8/2020,all,38.996597,56.985575,19:05:15  8 Sep 2020
Trump,9/8/2020,R,80.795965,16.621236,19:05:12  8 Sep 2020
Trump,9/8/2020,I,34.18002,60.362675,19:05:10  8 Sep 2020
Trump,9/8/2020,D,7.7483868,90.628251,19:05:07  8 Sep 2020
Trump,9/7/2020,all,38.98384,57.074155,11:05:15  7 Sep 2020
Trump,9/7/2020,R,80.601828,16.883042,11:05:12  7 Sep 2020
Trump,9/7/2020,I,34.28976,60.394197,11:05:09  7 Sep 2020
Trump,9/7/2020,D,7.7615927,90.653943,11:05:07  7 Sep 2020
Trump,9/6/2020,all,38.98384,57.074155,10:40:22  6 Sep 2020
Trump,9/6/2020,R,80.601828,16.883042,10:40:17  6 Sep 2020
Trump,9/6/2020,I,34.28976,60.394197,10:40:12  6 Sep 2020
Trump,9/6/2020,D,7.7615927,90.653943,10:40:08  6 Sep 2020
Trump,9/5/2020,R,80.601828,16.883042,10:40:19  6 Sep 2020
Trump,9/5/2020,I,34.28976,60.394197,10:40:14  6 Sep 2020
Trump,9/5/2020,D,7.7615927,90.653943,10:40:10  6 Sep 2020
Trump,9/5/2020,all,38.98384,57.074155,10:40:26  6 Sep 2020
Trump,9/4/2020,all,38.98384,57.074155,18:25:14  4 Sep 2020
Trump,9/4/2020,R,80.601828,16.883042,18:25:11  4 Sep 2020
Trump,9/4/2020,I,34.28976,60.394197,18:25:09  4 Sep 2020
Trump,9/4/2020,D,7.7615927,90.653943,18:25:06  4 Sep 2020
Trump,9/3/2020,all,39.003227,56.979942,22:55:15  3 Sep 2020
Trump,9/3/2020,R,80.732055,16.656006,22:55:12  3 Sep 2020
Trump,9/3/2020,I,34.28976,60.394197,22:55:10  3 Sep 2020
Trump,9/3/2020,D,7.7116362,90.667324,22:55:08  3 Sep 2020
Trump,9/2/2020,all,39.003227,56.979942,16:45:15  2 Sep 2020
Trump,9/2/2020,R,80.408544,16.966768,16:45:12  2 Sep 2020
Trump,9/2/2020,I,34.171725,60.561507,16:45:09  2 Sep 2020
Trump,9/2/2020,D,7.5886559,90.727262,16:45:07  2 Sep 2020
Trump,9/1/2020,all,39.291733,57.72857,20:00:18  1 Sep 2020
Trump,9/1/2020,R,79.406915,18.569243,20:00:14  1 Sep 2020
Trump,9/1/2020,I,33.538228,61.238754,20:00:12  1 Sep 2020
Trump,9/1/2020,D,8.7073917,89.844658,20:00:10  1 Sep 2020
Trump,8/31/2020,all,38.746231,58.121705,20:50:16 31 Aug 2020
Trump,8/31/2020,R,79.288983,18.736503,20:50:12 31 Aug 2020
Trump,8/31/2020,I,33.573744,61.17685,20:50:10 31 Aug 2020
Trump,8/31/2020,D,8.7143592,89.828259,20:50:08 31 Aug 2020
Trump,8/30/2020,all,38.852927,58.098503,07:40:16 30 Aug 2020
Trump,8/30/2020,R,79.318311,18.633705,07:40:13 30 Aug 2020
Trump,8/30/2020,I,34.043066,61.301573,07:40:11 30 Aug 2020
Trump,8/30/2020,D,8.5298004,90.006854,07:40:09 30 Aug 2020
Trump,8/29/2020,R,79.434163,18.436246,13:40:12 29 Aug 2020
Trump,8/29/2020,all,38.904448,58.017649,13:40:15 29 Aug 2020
Trump,8/29/2020,I,33.859865,61.296254,13:40:10 29 Aug 2020
Trump,8/29/2020,D,8.6411445,89.905449,13:40:08 29 Aug 2020
Trump,8/28/2020,all,38.875297,58.043199,06:10:16 28 Aug 2020
Trump,8/28/2020,R,79.42891,18.423429,06:10:13 28 Aug 2020
Trump,8/28/2020,I,33.618802,61.403535,06:10:11 28 Aug 2020
Trump,8/28/2020,D,8.5966832,89.971437,06:10:09 28 Aug 2020
Trump,8/27/2020,all,38.875297,58.043199,12:55:17 27 Aug 2020
Trump,8/27/2020,R,79.274047,18.559853,12:55:14 27 Aug 2020
Trump,8/27/2020,I,33.67887,61.184279,12:55:12 27 Aug 2020
Trump,8/27/2020,D,8.5685819,89.983048,12:55:09 27 Aug 2020
Trump,8/26/2020,all,38.820232,58.047228,20:45:15 26 Aug 2020
Trump,8/26/2020,R,79.274047,18.559853,20:45:12 26 Aug 2020
Trump,8/26/2020,I,33.67887,61.184279,20:45:10 26 Aug 2020
Trump,8/26/2020,D,8.5685819,89.983048,20:45:07 26 Aug 2020
Trump,8/25/2020,R,79.139365,18.680135,16:20:11 25 Aug 2020
Trump,8/25/2020,all,38.471259,58.396913,16:20:14 25 Aug 2020
Trump,8/25/2020,I,33.566589,61.367666,16:20:09 25 Aug 2020
Trump,8/25/2020,D,8.3748042,90.21133,16:20:07 25 Aug 2020
Trump,8/24/2020,R,78.676395,18.880024,17:40:12 24 Aug 2020
Trump,8/24/2020,all,38.443278,58.413279,17:40:15 24 Aug 2020
Trump,8/24/2020,I,33.454019,61.30283,17:40:10 24 Aug 2020
Trump,8/24/2020,D,8.3776689,90.233038,17:40:08 24 Aug 2020
Trump,8/23/2020,I,33.693613,61.11986,10:40:11 23 Aug 2020
Trump,8/23/2020,D,8.316053,90.266071,10:40:07 23 Aug 2020
Trump,8/23/2020,all,38.866311,57.96278,10:40:21 23 Aug 2020
Trump,8/23/2020,R,79.365741,18.233926,10:40:16 23 Aug 2020
Trump,8/22/2020,I,33.693613,61.11986,10:40:13 23 Aug 2020
Trump,8/22/2020,R,79.365741,18.233926,10:40:18 23 Aug 2020
Trump,8/22/2020,all,38.866311,57.96278,10:40:24 23 Aug 2020
Trump,8/22/2020,D,8.316053,90.266071,10:40:09 23 Aug 2020
Trump,8/21/2020,all,38.745148,57.87988,19:25:15 21 Aug 2020
Trump,8/21/2020,R,78.967214,18.450615,19:25:12 21 Aug 2020
Trump,8/21/2020,I,33.080116,61.111004,19:25:10 21 Aug 2020
Trump,8/21/2020,D,8.4402709,89.983737,19:25:08 21 Aug 2020
Trump,8/20/2020,all,38.896629,57.791368,13:00:17 20 Aug 2020
Trump,8/20/2020,R,79.087492,18.365531,13:00:14 20 Aug 2020
Trump,8/20/2020,I,32.993589,61.144795,13:00:12 20 Aug 2020
Trump,8/20/2020,D,8.2400806,90.154359,13:00:10 20 Aug 2020
Trump,8/19/2020,R,79.063806,18.420191,17:00:15 19 Aug 2020
Trump,8/19/2020,all,38.995586,57.731978,17:00:18 19 Aug 2020
Trump,8/19/2020,I,33.007447,61.138323,17:00:13 19 Aug 2020
Trump,8/19/2020,D,8.2203256,90.16504,17:00:10 19 Aug 2020
Trump,8/18/2020,all,38.923331,57.893441,19:50:21 18 Aug 2020
Trump,8/18/2020,R,78.394137,19.14206,19:50:18 18 Aug 2020
Trump,8/18/2020,I,32.880743,61.398097,19:50:16 18 Aug 2020
Trump,8/18/2020,D,8.4164296,89.964958,19:50:14 18 Aug 2020
Trump,8/17/2020,R,78.616259,19.253244,22:45:14 17 Aug 2020
Trump,8/17/2020,all,38.922086,57.938603,22:45:17 17 Aug 2020
Trump,8/17/2020,I,32.835616,61.796856,22:45:12 17 Aug 2020
Trump,8/17/2020,D,10.211096,88.101201,22:45:10 17 Aug 2020
Trump,8/16/2020,D,10.941653,87.177061,09:05:07 16 Aug 2020
Trump,8/16/2020,I,33.134432,61.185123,09:05:11 16 Aug 2020
Trump,8/16/2020,all,39.350293,57.309799,09:05:20 16 Aug 2020
Trump,8/16/2020,R,78.403134,19.181075,09:05:15 16 Aug 2020
Trump,8/15/2020,all,39.350293,57.309799,09:05:23 16 Aug 2020
Trump,8/15/2020,I,33.134432,61.185123,09:05:13 16 Aug 2020
Trump,8/15/2020,R,78.403134,19.181075,09:05:17 16 Aug 2020
Trump,8/15/2020,D,10.941653,87.177061,09:05:09 16 Aug 2020
Trump,8/14/2020,all,39.201365,57.341293,09:05:16 14 Aug 2020
Trump,8/14/2020,R,78.403134,19.181075,09:05:13 14 Aug 2020
Trump,8/14/2020,I,33.134432,61.185123,09:05:11 14 Aug 2020
Trump,8/14/2020,D,10.941653,87.177061,09:05:09 14 Aug 2020
Trump,8/13/2020,R,78.617037,18.893875,18:45:12 13 Aug 2020
Trump,8/13/2020,all,39.17338,57.32529,18:45:15 13 Aug 2020
Trump,8/13/2020,I,33.134432,61.185123,18:45:10 13 Aug 2020
Trump,8/13/2020,D,10.812695,87.205309,18:45:08 13 Aug 2020
Trump,8/12/2020,all,38.321569,57.929143,16:05:15 12 Aug 2020
Trump,8/12/2020,R,77.639427,19.523235,16:05:12 12 Aug 2020
Trump,8/12/2020,I,31.97221,62.030544,16:05:10 12 Aug 2020
Trump,8/12/2020,D,8.0944568,90.001984,16:05:08 12 Aug 2020
Trump,8/11/2020,R,77.559183,19.589442,16:55:13 11 Aug 2020
Trump,8/11/2020,all,37.916173,58.171805,16:55:15 11 Aug 2020
Trump,8/11/2020,I,32.333253,61.950105,16:55:11 11 Aug 2020
Trump,8/11/2020,D,8.1535247,89.776655,16:55:09 11 Aug 2020
Trump,8/10/2020,R,77.422457,19.739125,13:25:17 10 Aug 2020
Trump,8/10/2020,all,37.907785,58.194631,13:25:20 10 Aug 2020
Trump,8/10/2020,I,32.36257,61.893868,13:25:14 10 Aug 2020
Trump,8/10/2020,D,8.1639159,89.740153,13:25:12 10 Aug 2020
Trump,8/9/2020,I,32.36257,61.893868,10:35:17 10 Aug 2020
Trump,8/9/2020,all,37.907785,58.194631,10:35:30 10 Aug 2020
Trump,8/9/2020,R,77.422457,19.739125,10:35:23 10 Aug 2020
Trump,8/9/2020,D,8.1639159,89.740153,10:35:11 10 Aug 2020
Trump,8/8/2020,all,37.907785,58.194631,10:35:33 10 Aug 2020
Trump,8/8/2020,D,8.1639159,89.740153,10:35:13 10 Aug 2020
Trump,8/8/2020,I,32.36257,61.893868,10:35:18 10 Aug 2020
Trump,8/8/2020,R,77.422457,19.739125,10:35:25 10 Aug 2020
Trump,8/7/2020,R,77.381738,19.727434,14:00:15  7 Aug 2020
Trump,8/7/2020,all,37.88213,58.051084,14:00:19  7 Aug 2020
Trump,8/7/2020,I,32.463665,61.770243,14:00:13  7 Aug 2020
Trump,8/7/2020,D,8.5389147,89.167865,14:00:11  7 Aug 2020
Trump,8/6/2020,all,37.86332,58.062767,20:50:15  6 Aug 2020
Trump,8/6/2020,R,77.381738,19.727434,20:50:12  6 Aug 2020
Trump,8/6/2020,I,32.463665,61.770243,20:50:10  6 Aug 2020
Trump,8/6/2020,D,8.5389147,89.167865,20:50:09  6 Aug 2020
Trump,8/5/2020,R,77.913601,19.703757,18:45:13  5 Aug 2020
Trump,8/5/2020,all,37.870305,57.82709,18:45:15  5 Aug 2020
Trump,8/5/2020,I,32.624813,61.505683,18:45:11  5 Aug 2020
Trump,8/5/2020,D,8.7989628,89.262043,18:45:09  5 Aug 2020
Trump,8/4/2020,all,37.7207,58.069832,20:05:13  4 Aug 2020
Trump,8/4/2020,R,78.189465,19.583786,20:05:11  4 Aug 2020
Trump,8/4/2020,I,32.909855,61.298194,20:05:09  4 Aug 2020
Trump,8/4/2020,D,8.7662665,89.37154,20:05:07  4 Aug 2020
Trump,8/3/2020,R,77.90349,19.999739,06:35:27  4 Aug 2020
Trump,8/3/2020,I,32.84292,61.782441,06:35:20  4 Aug 2020
Trump,8/3/2020,D,8.7018363,89.363493,06:35:12  4 Aug 2020
Trump,8/3/2020,all,37.623608,58.25698,06:35:37  4 Aug 2020
Trump,8/2/2020,all,37.623608,58.25698,06:35:39  4 Aug 2020
Trump,8/2/2020,I,32.84292,61.782441,06:35:22  4 Aug 2020
Trump,8/2/2020,D,8.7018363,89.363493,06:35:14  4 Aug 2020
Trump,8/2/2020,R,77.90349,19.999739,06:35:30  4 Aug 2020
Trump,8/1/2020,R,77.7428,20.159718,06:35:32  4 Aug 2020
Trump,8/1/2020,all,37.574635,58.289169,06:35:42  4 Aug 2020
Trump,8/1/2020,D,8.7447818,89.338418,06:35:16  4 Aug 2020
Trump,8/1/2020,I,32.863533,61.761077,06:35:23  4 Aug 2020
Trump,7/31/2020,all,37.574635,58.289169,12:50:17 31 Jul 2020
Trump,7/31/2020,R,77.7428,20.159718,12:50:14 31 Jul 2020
Trump,7/31/2020,I,32.863533,61.761077,12:50:12 31 Jul 2020
Trump,7/31/2020,D,8.7447818,89.338418,12:50:10 31 Jul 2020
Trump,7/30/2020,R,77.877213,19.900976,13:25:12 30 Jul 2020
Trump,7/30/2020,all,37.566403,58.287501,13:25:14 30 Jul 2020
Trump,7/30/2020,I,32.749223,61.523659,13:25:10 30 Jul 2020
Trump,7/30/2020,D,8.7956857,89.308779,13:25:08 30 Jul 2020
Trump,7/29/2020,all,37.601021,58.801434,19:00:15 29 Jul 2020
Trump,7/29/2020,R,77.850157,19.917716,19:00:12 29 Jul 2020
Trump,7/29/2020,I,32.922881,61.320674,19:00:10 29 Jul 2020
Trump,7/29/2020,D,8.7585266,89.351122,19:00:08 29 Jul 2020
Trump,7/28/2020,all,37.371024,59.05935,07:10:13 28 Jul 2020
Trump,7/28/2020,R,78.048798,19.728908,07:10:11 28 Jul 2020
Trump,7/28/2020,I,33.218552,61.369154,07:10:09 28 Jul 2020
Trump,7/28/2020,D,8.1306408,90.0502,07:10:07 28 Jul 2020
Trump,7/27/2020,all,37.34241,59.068049,14:50:16 27 Jul 2020
Trump,7/27/2020,R,77.981799,19.795396,14:50:13 27 Jul 2020
Trump,7/27/2020,I,33.255918,61.290314,14:50:11 27 Jul 2020
Trump,7/27/2020,D,8.1705315,90.035528,14:50:10 27 Jul 2020
Trump,7/26/2020,R,78.349072,19.412061,09:40:16 26 Jul 2020
Trump,7/26/2020,D,8.6013115,89.706997,09:40:09 26 Jul 2020
Trump,7/26/2020,I,33.155529,61.207238,09:40:12 26 Jul 2020
Trump,7/26/2020,all,37.837342,58.624948,09:40:20 26 Jul 2020
Trump,7/25/2020,D,8.6013115,89.706997,09:40:10 26 Jul 2020
Trump,7/25/2020,all,37.837342,58.624948,09:40:22 26 Jul 2020
Trump,7/25/2020,I,33.155529,61.207238,09:40:14 26 Jul 2020
Trump,7/25/2020,R,78.349072,19.412061,09:40:17 26 Jul 2020
Trump,7/24/2020,all,37.64945,58.568647,17:40:14 24 Jul 2020
Trump,7/24/2020,R,78.168248,19.425405,17:40:12 24 Jul 2020
Trump,7/24/2020,I,32.524548,61.246915,17:40:10 24 Jul 2020
Trump,7/24/2020,D,8.4896375,89.671377,17:40:08 24 Jul 2020
Trump,7/23/2020,all,38.017899,58.393985,17:00:17 23 Jul 2020
Trump,7/23/2020,R,77.968847,19.76965,17:00:14 23 Jul 2020
Trump,7/23/2020,I,32.120548,61.85511,17:00:12 23 Jul 2020
Trump,7/23/2020,D,8.3332754,90.049632,17:00:10 23 Jul 2020
Trump,7/22/2020,all,38.394418,57.825748,14:30:13 22 Jul 2020
Trump,7/22/2020,R,78.806935,18.80469,14:30:10 22 Jul 2020
Trump,7/22/2020,I,32.197179,61.595546,14:30:09 22 Jul 2020
Trump,7/22/2020,D,8.6925659,89.633106,14:30:07 22 Jul 2020
Trump,7/21/2020,all,38.319985,57.859741,22:05:14 21 Jul 2020
Trump,7/21/2020,R,79.137322,18.343189,22:05:11 21 Jul 2020
Trump,7/21/2020,I,33.141061,61.006458,22:05:10 21 Jul 2020
Trump,7/21/2020,D,8.8040591,89.45983,22:05:08 21 Jul 2020
Trump,7/20/2020,R,79.411434,18.29856,18:45:11 20 Jul 2020
Trump,7/20/2020,all,38.459636,57.908081,18:45:13 20 Jul 2020
Trump,7/20/2020,I,33.020906,61.154527,18:45:09 20 Jul 2020
Trump,7/20/2020,D,9.0491613,89.453523,18:45:08 20 Jul 2020
Trump,7/19/2020,I,32.966903,61.394761,09:05:11 19 Jul 2020
Trump,7/19/2020,R,79.512877,18.20169,09:05:14 19 Jul 2020
Trump,7/19/2020,all,38.458578,57.889945,09:05:18 19 Jul 2020
Trump,7/19/2020,D,9.0246188,89.52619,09:05:08 19 Jul 2020
Trump,7/18/2020,all,38.458578,57.889945,09:05:21 19 Jul 2020
Trump,7/18/2020,R,79.512877,18.20169,09:05:16 19 Jul 2020
Trump,7/18/2020,I,32.966903,61.394761,09:05:13 19 Jul 2020
Trump,7/18/2020,D,9.0246188,89.52619,09:05:09 19 Jul 2020
Trump,7/17/2020,R,79.339026,18.384575,18:50:11 17 Jul 2020
Trump,7/17/2020,all,38.089274,58.060327,18:50:13 17 Jul 2020
Trump,7/17/2020,I,33.234397,60.953936,18:50:10 17 Jul 2020
Trump,7/17/2020,D,8.6451497,89.891161,18:50:08 17 Jul 2020
Trump,7/16/2020,all,38.352085,57.662153,16:40:13 16 Jul 2020
Trump,7/16/2020,R,79.737455,17.921644,16:40:11 16 Jul 2020
Trump,7/16/2020,I,32.398083,61.396277,16:40:09 16 Jul 2020
Trump,7/16/2020,D,9.2766044,89.310611,16:40:08 16 Jul 2020
Trump,7/15/2020,all,38.352085,57.662153,17:10:14 15 Jul 2020
Trump,7/15/2020,R,79.891423,17.739647,17:10:12 15 Jul 2020
Trump,7/15/2020,I,32.898381,61.062977,17:10:10 15 Jul 2020
Trump,7/15/2020,D,9.3760436,89.174571,17:10:08 15 Jul 2020
Trump,7/14/2020,all,39.33537,56.736723,19:00:14 14 Jul 2020
Trump,7/14/2020,R,80.786528,16.885004,19:00:11 14 Jul 2020
Trump,7/14/2020,I,34.1898,59.99144,19:00:09 14 Jul 2020
Trump,7/14/2020,D,9.9714027,88.447577,19:00:08 14 Jul 2020
Trump,7/13/2020,R,80.789774,16.948047,16:45:11 13 Jul 2020
Trump,7/13/2020,all,39.323584,56.659761,16:45:13 13 Jul 2020
Trump,7/13/2020,I,34.652292,59.415715,16:45:10 13 Jul 2020
Trump,7/13/2020,D,10.017514,88.373355,16:45:08 13 Jul 2020
Trump,7/12/2020,all,39.308986,56.665657,16:35:27 13 Jul 2020
Trump,7/12/2020,R,80.901185,16.761662,16:35:21 13 Jul 2020
Trump,7/12/2020,D,10.019695,88.451031,16:35:11 13 Jul 2020
Trump,7/12/2020,I,34.495107,59.546808,16:35:16 13 Jul 2020
Trump,7/11/2020,all,39.308986,56.665657,16:35:29 13 Jul 2020
Trump,7/11/2020,D,10.019695,88.451031,16:35:12 13 Jul 2020
Trump,7/11/2020,I,34.495107,59.546808,16:35:17 13 Jul 2020
Trump,7/11/2020,R,80.901185,16.761662,16:35:22 13 Jul 2020
Trump,7/10/2020,all,39.308986,56.665657,10:15:12 10 Jul 2020
Trump,7/10/2020,R,80.901185,16.761662,10:15:10 10 Jul 2020
Trump,7/10/2020,I,34.495107,59.546808,10:15:09 10 Jul 2020
Trump,7/10/2020,D,10.019695,88.451031,10:15:07 10 Jul 2020
Trump,7/9/2020,all,39.480172,56.348829,00:25:21 10 Jul 2020
Trump,7/9/2020,I,35.078377,58.765651,00:25:14 10 Jul 2020
Trump,7/9/2020,D,10.127155,88.181467,00:25:11 10 Jul 2020
Trump,7/9/2020,R,81.116988,16.418179,00:25:17 10 Jul 2020
Trump,7/8/2020,all,39.480172,56.348829,17:05:13  8 Jul 2020
Trump,7/8/2020,R,81.116988,16.418179,17:05:11  8 Jul 2020
Trump,7/8/2020,I,35.078377,58.765651,17:05:09  8 Jul 2020
Trump,7/8/2020,D,10.127155,88.181467,17:05:08  8 Jul 2020
Trump,7/7/2020,all,39.54939,56.281607,20:15:28  7 Jul 2020
Trump,7/7/2020,R,81.398332,16.188286,20:15:24  7 Jul 2020
Trump,7/7/2020,I,35.438073,58.583647,20:15:21  7 Jul 2020
Trump,7/7/2020,D,10.012664,88.243548,20:15:18  7 Jul 2020
Trump,7/6/2020,I,35.319346,58.774628,06:50:17  7 Jul 2020
Trump,7/6/2020,R,81.361182,16.191762,06:50:25  7 Jul 2020
Trump,7/6/2020,all,39.532807,56.300803,06:50:34  7 Jul 2020
Trump,7/6/2020,D,10.136988,88.091484,06:50:09  7 Jul 2020
Trump,7/5/2020,D,10.136988,88.091484,06:50:11  7 Jul 2020
Trump,7/5/2020,R,81.361182,16.191762,06:50:27  7 Jul 2020
Trump,7/5/2020,all,39.532807,56.300803,06:50:37  7 Jul 2020
Trump,7/5/2020,I,35.319346,58.774628,06:50:19  7 Jul 2020
Trump,7/4/2020,R,81.194657,16.266756,06:50:28  7 Jul 2020
Trump,7/4/2020,D,10.37868,87.807223,06:50:13  7 Jul 2020
Trump,7/4/2020,all,39.533817,56.287416,06:50:39  7 Jul 2020
Trump,7/4/2020,I,35.729711,58.231368,06:50:20  7 Jul 2020
Trump,7/3/2020,all,39.533817,56.287416,06:50:41  7 Jul 2020
Trump,7/3/2020,D,10.37868,87.807223,06:50:14  7 Jul 2020
Trump,7/3/2020,I,35.729711,58.231368,06:50:22  7 Jul 2020
Trump,7/3/2020,R,81.194657,16.266756,06:50:30  7 Jul 2020
Trump,7/2/2020,R,81.194657,16.266756,17:35:11  2 Jul 2020
Trump,7/2/2020,all,39.533817,56.287416,17:35:13  2 Jul 2020
Trump,7/2/2020,I,35.729711,58.231368,17:35:10  2 Jul 2020
Trump,7/2/2020,D,10.37868,87.807223,17:35:08  2 Jul 2020
Trump,7/1/2020,all,39.533817,56.287416,20:20:13  1 Jul 2020
Trump,7/1/2020,R,81.194657,16.266756,20:20:11  1 Jul 2020
Trump,7/1/2020,I,35.729711,58.231368,20:20:09  1 Jul 2020
Trump,7/1/2020,D,10.37868,87.807223,20:20:08  1 Jul 2020
Trump,6/30/2020,all,40.808266,55.84097,21:15:13 30 Jun 2020
Trump,6/30/2020,R,82.537286,15.221009,21:15:11 30 Jun 2020
Trump,6/30/2020,I,36.439242,58.431961,21:15:09 30 Jun 2020
Trump,6/30/2020,D,10.640999,87.627581,21:15:08 30 Jun 2020
Trump,6/29/2020,all,40.777488,55.868535,18:35:12 29 Jun 2020
Trump,6/29/2020,R,82.715537,15.135425,18:35:10 29 Jun 2020
Trump,6/29/2020,I,36.079997,58.883005,18:35:08 29 Jun 2020
Trump,6/29/2020,D,10.768972,87.362001,18:35:07 29 Jun 2020
Trump,6/28/2020,I,36.183669,58.628144,10:40:09 28 Jun 2020
Trump,6/28/2020,all,40.854762,55.761541,10:40:15 28 Jun 2020
Trump,6/28/2020,R,82.727446,15.073812,10:40:12 28 Jun 2020
Trump,6/28/2020,D,10.871755,87.231532,10:40:06 28 Jun 2020
Trump,6/27/2020,R,82.727446,15.073812,10:40:13 28 Jun 2020
Trump,6/27/2020,D,10.871755,87.231532,10:40:07 28 Jun 2020
Trump,6/27/2020,all,40.854762,55.761541,10:40:17 28 Jun 2020
Trump,6/27/2020,I,36.183669,58.628144,10:40:10 28 Jun 2020
Trump,6/26/2020,R,82.709994,14.914276,19:05:10 26 Jun 2020
Trump,6/26/2020,all,40.8142,55.568218,19:05:12 26 Jun 2020
Trump,6/26/2020,I,35.872985,58.348656,19:05:09 26 Jun 2020
Trump,6/26/2020,D,10.917908,86.998493,19:05:07 26 Jun 2020
Trump,6/25/2020,R,82.617486,14.991571,00:25:09 25 Jun 2020
Trump,6/25/2020,all,40.852547,55.496648,00:25:11 25 Jun 2020
Trump,6/25/2020,I,35.862193,58.039736,00:25:08 25 Jun 2020
Trump,6/25/2020,D,10.344439,87.619847,00:25:06 25 Jun 2020
Trump,6/24/2020,all,40.852547,55.496648,10:55:12 24 Jun 2020
Trump,6/24/2020,R,82.625695,15.006046,10:55:10 24 Jun 2020
Trump,6/24/2020,I,36.056723,57.789416,10:55:09 24 Jun 2020
Trump,6/24/2020,D,10.307866,87.61691,10:55:07 24 Jun 2020
Trump,6/23/2020,all,41.362587,55.180261,19:30:11 23 Jun 2020
Trump,6/23/2020,R,82.728493,14.938377,19:30:10 23 Jun 2020
Trump,6/23/2020,I,37.34431,56.541004,19:30:08 23 Jun 2020
Trump,6/23/2020,D,10.614201,87.540518,19:30:07 23 Jun 2020
Trump,6/22/2020,R,82.869315,14.811589,19:15:10 22 Jun 2020
Trump,6/22/2020,all,41.417461,55.153723,19:15:12 22 Jun 2020
Trump,6/22/2020,I,37.70513,56.680646,19:15:09 22 Jun 2020
Trump,6/22/2020,D,10.677812,87.484783,19:15:07 22 Jun 2020
Trump,6/21/2020,R,83.31943,14.376004,08:05:12 21 Jun 2020
Trump,6/21/2020,I,37.407182,56.856535,08:05:10 21 Jun 2020
Trump,6/21/2020,D,10.897349,87.242625,08:05:07 21 Jun 2020
Trump,6/21/2020,all,41.755327,54.776417,08:05:16 21 Jun 2020
Trump,6/20/2020,R,83.31943,14.376004,08:05:14 21 Jun 2020
Trump,6/20/2020,I,37.407182,56.856535,08:05:11 21 Jun 2020
Trump,6/20/2020,D,10.897349,87.242625,08:05:08 21 Jun 2020
Trump,6/20/2020,all,41.755327,54.776417,08:05:18 21 Jun 2020
Trump,6/19/2020,all,41.75394,54.734831,18:10:11 19 Jun 2020
Trump,6/19/2020,R,83.31943,14.376004,18:10:09 19 Jun 2020
Trump,6/19/2020,I,37.407182,56.856535,18:10:08 19 Jun 2020
Trump,6/19/2020,D,10.897349,87.242625,18:10:07 19 Jun 2020
Trump,6/18/2020,all,41.620447,54.675136,15:40:11 18 Jun 2020
Trump,6/18/2020,R,83.23007,14.407037,15:40:10 18 Jun 2020
Trump,6/18/2020,I,37.673628,56.547824,15:40:08 18 Jun 2020
Trump,6/18/2020,D,10.98744,87.053059,15:40:07 18 Jun 2020
Trump,6/17/2020,R,82.861182,14.838684,10:10:12 17 Jun 2020
Trump,6/17/2020,all,41.806656,54.229197,10:10:14 17 Jun 2020
Trump,6/17/2020,I,37.084461,57.220376,10:10:11 17 Jun 2020
Trump,6/17/2020,D,11.471653,86.58394,10:10:09 17 Jun 2020
Trump,6/16/2020,all,41.964333,54.14946,19:45:11 16 Jun 2020
Trump,6/16/2020,R,82.955116,14.872015,19:45:09 16 Jun 2020
Trump,6/16/2020,I,36.978844,57.653111,19:45:08 16 Jun 2020
Trump,6/16/2020,D,11.695767,86.39805,19:45:06 16 Jun 2020
Trump,6/15/2020,R,83.058151,14.903302,17:00:12 15 Jun 2020
Trump,6/15/2020,all,42.013452,54.119042,17:00:14 15 Jun 2020
Trump,6/15/2020,I,37.169531,57.831294,17:00:11 15 Jun 2020
Trump,6/15/2020,D,11.60855,86.487387,17:00:09 15 Jun 2020
Trump,6/14/2020,I,37.148137,57.938201,11:10:16 15 Jun 2020
Trump,6/14/2020,D,11.439433,86.75611,11:10:11 15 Jun 2020
Trump,6/14/2020,R,83.243122,14.748514,11:10:22 15 Jun 2020
Trump,6/14/2020,all,42.067227,54.090098,11:10:29 15 Jun 2020
Trump,6/13/2020,R,83.243122,14.748514,11:10:24 15 Jun 2020
Trump,6/13/2020,D,11.439433,86.75611,11:10:13 15 Jun 2020
Trump,6/13/2020,all,42.067227,54.090098,11:10:31 15 Jun 2020
Trump,6/13/2020,I,37.148137,57.938201,11:10:18 15 Jun 2020
Trump,6/12/2020,all,42.067227,54.090098,18:00:13 12 Jun 2020
Trump,6/12/2020,R,83.243122,14.748514,18:00:11 12 Jun 2020
Trump,6/12/2020,I,37.148137,57.938201,18:00:10 12 Jun 2020
Trump,6/12/2020,D,11.439433,86.75611,18:00:09 12 Jun 2020
Trump,6/11/2020,R,83.328433,14.583945,18:40:10 11 Jun 2020
Trump,6/11/2020,all,41.968256,54.187301,18:40:12 11 Jun 2020
Trump,6/11/2020,I,36.921523,58.125815,18:40:09 11 Jun 2020
Trump,6/11/2020,D,10.935194,87.321445,18:40:08 11 Jun 2020
Trump,6/10/2020,all,42.180721,54.121064,17:25:11 10 Jun 2020
Trump,6/10/2020,R,83.699686,14.211359,17:25:10 10 Jun 2020
Trump,6/10/2020,I,37.109034,57.944523,17:25:08 10 Jun 2020
Trump,6/10/2020,D,10.684583,87.605459,17:25:07 10 Jun 2020
Trump,6/9/2020,R,83.719991,13.918457,21:15:08  9 Jun 2020
Trump,6/9/2020,all,42.489298,53.647416,21:15:10  9 Jun 2020
Trump,6/9/2020,I,37.21568,57.614276,21:15:07  9 Jun 2020
Trump,6/9/2020,D,11.325142,86.793822,21:15:06  9 Jun 2020
Trump,6/8/2020,R,83.719991,13.918457,17:05:10  8 Jun 2020
Trump,6/8/2020,all,42.499124,53.651902,17:05:11  8 Jun 2020
Trump,6/8/2020,I,37.21568,57.614276,17:05:09  8 Jun 2020
Trump,6/8/2020,D,11.325142,86.793822,17:05:07  8 Jun 2020
Trump,6/7/2020,D,11.547949,86.469284,09:05:05  7 Jun 2020
Trump,6/7/2020,I,37.836927,57.094041,09:05:08  7 Jun 2020
Trump,6/7/2020,all,42.73964,53.42655,09:05:13  7 Jun 2020
Trump,6/7/2020,R,83.889584,13.736745,09:05:11  7 Jun 2020
Trump,6/6/2020,I,37.836927,57.094041,09:05:09  7 Jun 2020
Trump,6/6/2020,D,11.547949,86.469284,09:05:07  7 Jun 2020
Trump,6/6/2020,all,42.73964,53.42655,09:05:15  7 Jun 2020
Trump,6/6/2020,R,83.889584,13.736745,09:05:12  7 Jun 2020
Trump,6/5/2020,R,83.889584,13.736745,16:35:10  5 Jun 2020
Trump,6/5/2020,all,42.727684,53.323802,16:35:11  5 Jun 2020
Trump,6/5/2020,I,37.836927,57.094041,16:35:08  5 Jun 2020
Trump,6/5/2020,D,11.547949,86.469284,16:35:07  5 Jun 2020
Trump,6/4/2020,all,42.771516,53.238346,19:25:09  4 Jun 2020
Trump,6/4/2020,R,83.870631,13.730071,19:25:07  4 Jun 2020
Trump,6/4/2020,I,37.825262,56.922889,19:25:06  4 Jun 2020
Trump,6/4/2020,D,11.922104,86.058503,19:25:05  4 Jun 2020
Trump,6/3/2020,R,83.580929,14.24761,17:30:10  3 Jun 2020
Trump,6/3/2020,all,43.3936,53.36457,17:30:12  3 Jun 2020
Trump,6/3/2020,I,38.167301,56.372599,17:30:09  3 Jun 2020
Trump,6/3/2020,D,12.362414,85.587667,17:30:08  3 Jun 2020
Trump,6/2/2020,all,43.516515,53.436884,15:55:11  2 Jun 2020
Trump,6/2/2020,R,83.701639,14.253658,15:55:10  2 Jun 2020
Trump,6/2/2020,I,38.999416,56.226158,15:55:09  2 Jun 2020
Trump,6/2/2020,D,12.298855,85.728319,15:55:08  2 Jun 2020
Trump,6/1/2020,all,42.995781,53.477337,18:20:10  1 Jun 2020
Trump,6/1/2020,R,83.028698,14.650108,18:20:08  1 Jun 2020
Trump,6/1/2020,I,38.289306,56.081811,18:20:07  1 Jun 2020
Trump,6/1/2020,D,12.389411,85.285513,18:20:06  1 Jun 2020
Trump,5/31/2020,all,42.985539,53.441998,16:45:10 31 May 2020
Trump,5/31/2020,R,83.027069,14.580204,16:45:08 31 May 2020
Trump,5/31/2020,I,38.425793,55.7684,16:45:07 31 May 2020
Trump,5/31/2020,D,12.284578,85.289202,16:45:06 31 May 2020
Trump,5/30/2020,all,42.650358,53.540151,19:15:09 30 May 2020
Trump,5/30/2020,R,82.385259,15.163867,19:15:08 30 May 2020
Trump,5/30/2020,I,38.501774,55.265177,19:15:06 30 May 2020
Trump,5/30/2020,D,12.23432,85.162886,19:15:05 30 May 2020
Trump,5/29/2020,all,42.650358,53.540151,19:15:09 29 May 2020
Trump,5/29/2020,R,82.317543,15.227922,19:15:08 29 May 2020
Trump,5/29/2020,I,38.501774,55.265177,19:15:06 29 May 2020
Trump,5/29/2020,D,12.250141,85.262971,19:15:05 29 May 2020
Trump,5/28/2020,all,42.651242,53.60148,16:15:14 28 May 2020
Trump,5/28/2020,R,82.317543,15.227922,16:15:12 28 May 2020
Trump,5/28/2020,I,38.501774,55.265177,16:15:11 28 May 2020
Trump,5/28/2020,D,12.250141,85.262971,16:15:10 28 May 2020
Trump,5/27/2020,all,42.663299,53.576387,18:55:10 27 May 2020
Trump,5/27/2020,R,82.350324,15.166466,18:55:08 27 May 2020
Trump,5/27/2020,I,38.556735,55.133303,18:55:07 27 May 2020
Trump,5/27/2020,D,12.225327,85.261575,18:55:06 27 May 2020
Trump,5/26/2020,all,42.554033,53.781843,22:25:08 26 May 2020
Trump,5/26/2020,R,82.211367,15.23573,22:25:07 26 May 2020
Trump,5/26/2020,I,38.625362,55.576286,22:25:06 26 May 2020
Trump,5/26/2020,D,12.251818,85.180495,22:25:05 26 May 2020
Trump,5/25/2020,D,12.343899,84.915672,07:30:08 26 May 2020
Trump,5/25/2020,all,42.665227,53.658117,07:30:22 26 May 2020
Trump,5/25/2020,R,82.283241,15.115515,07:30:16 26 May 2020
Trump,5/25/2020,I,39.079447,55.201178,07:30:12 26 May 2020
Trump,5/24/2020,R,82.283241,15.115515,07:30:18 26 May 2020
Trump,5/24/2020,I,39.079447,55.201178,07:30:13 26 May 2020
Trump,5/24/2020,all,42.665227,53.658117,07:30:23 26 May 2020
Trump,5/24/2020,D,12.343899,84.915672,07:30:09 26 May 2020
Trump,5/23/2020,D,12.343899,84.915672,07:30:10 26 May 2020
Trump,5/23/2020,R,82.283241,15.115515,07:30:19 26 May 2020
Trump,5/23/2020,I,39.079447,55.201178,07:30:14 26 May 2020
Trump,5/23/2020,all,42.665227,53.658117,07:30:25 26 May 2020
Trump,5/22/2020,all,42.665227,53.658117,19:35:10 22 May 2020
Trump,5/22/2020,R,82.283241,15.115515,19:35:08 22 May 2020
Trump,5/22/2020,I,39.079447,55.201178,19:35:07 22 May 2020
Trump,5/22/2020,D,12.343899,84.915672,19:35:06 22 May 2020
Trump,5/21/2020,all,42.681237,53.465635,18:15:10 21 May 2020
Trump,5/21/2020,R,82.046983,15.211271,18:15:09 21 May 2020
Trump,5/21/2020,I,38.947235,54.820304,18:15:08 21 May 2020
Trump,5/21/2020,D,12.369357,84.675068,18:15:06 21 May 2020
Trump,5/20/2020,all,43.12271,52.89972,18:15:09 20 May 2020
Trump,5/20/2020,R,82.372027,15.245505,18:15:08 20 May 2020
Trump,5/20/2020,I,39.13014,54.671292,18:15:07 20 May 2020
Trump,5/20/2020,D,13.098953,84.198603,18:15:06 20 May 2020
Trump,5/19/2020,all,43.340375,52.730664,23:55:09 19 May 2020
Trump,5/19/2020,R,82.426901,15.104326,23:55:07 19 May 2020
Trump,5/19/2020,I,39.56299,54.781737,23:55:06 19 May 2020
Trump,5/19/2020,D,13.29875,84.032064,23:55:05 19 May 2020
Trump,5/18/2020,all,43.428358,52.405606,16:35:09 18 May 2020
Trump,5/18/2020,R,82.379433,14.996934,16:35:08 18 May 2020
Trump,5/18/2020,I,39.84285,54.212544,16:35:07 18 May 2020
Trump,5/18/2020,D,13.660767,83.499394,16:35:06 18 May 2020
Trump,5/17/2020,R,82.649938,14.536386,12:20:08 17 May 2020
Trump,5/17/2020,all,43.274183,52.476902,12:20:09 17 May 2020
Trump,5/17/2020,I,39.790115,53.971974,12:20:07 17 May 2020
Trump,5/17/2020,D,12.895955,84.251982,12:20:06 17 May 2020
Trump,5/16/2020,all,43.274183,52.476902,08:05:09 16 May 2020
Trump,5/16/2020,R,82.649938,14.536386,08:05:08 16 May 2020
Trump,5/16/2020,I,39.790115,53.971974,08:05:07 16 May 2020
Trump,5/16/2020,D,12.895955,84.251982,08:05:06 16 May 2020
Trump,5/15/2020,R,82.644783,14.526708,15:05:06 15 May 2020
Trump,5/15/2020,all,43.267335,52.462197,15:05:08 15 May 2020
Trump,5/15/2020,I,39.551302,54.15978,15:05:05 15 May 2020
Trump,5/15/2020,D,12.931233,84.185455,15:05:04 15 May 2020
Trump,5/14/2020,all,43.297135,52.460737,18:00:10 14 May 2020
Trump,5/14/2020,R,82.835578,14.342848,18:00:09 14 May 2020
Trump,5/14/2020,I,39.629444,54.242005,18:00:08 14 May 2020
Trump,5/14/2020,D,12.824515,84.432477,18:00:07 14 May 2020
Trump,5/13/2020,all,43.294819,52.285751,17:10:09 13 May 2020
Trump,5/13/2020,R,82.736982,14.22691,17:10:07 13 May 2020
Trump,5/13/2020,I,39.486338,53.774355,17:10:06 13 May 2020
Trump,5/13/2020,D,12.876474,84.240508,17:10:05 13 May 2020
Trump,5/12/2020,all,43.166117,52.14613,23:05:09 12 May 2020
Trump,5/12/2020,R,82.796027,13.977834,23:05:08 12 May 2020
Trump,5/12/2020,I,39.157212,54.345426,23:05:07 12 May 2020
Trump,5/12/2020,D,12.626437,84.346493,23:05:06 12 May 2020
Trump,5/11/2020,R,83.51908,13.757296,14:35:08 11 May 2020
Trump,5/11/2020,all,43.538951,51.176962,14:35:09 11 May 2020
Trump,5/11/2020,I,39.035502,54.033299,14:35:07 11 May 2020
Trump,5/11/2020,D,13.22548,83.88995,14:35:06 11 May 2020
Trump,5/10/2020,all,43.547814,51.139951,11:05:12 11 May 2020
Trump,5/10/2020,R,83.553394,13.692882,11:05:10 11 May 2020
Trump,5/10/2020,I,38.993786,53.97764,11:05:08 11 May 2020
Trump,5/10/2020,D,13.25534,83.82493,11:05:07 11 May 2020
Trump,5/9/2020,all,43.547814,51.139951,07:40:08  9 May 2020
Trump,5/9/2020,R,83.553394,13.692882,07:40:07  9 May 2020
Trump,5/9/2020,I,38.993786,53.97764,07:40:06  9 May 2020
Trump,5/9/2020,D,13.25534,83.82493,07:40:05  9 May 2020
Trump,5/8/2020,all,43.515639,51.162726,16:10:09  8 May 2020
Trump,5/8/2020,R,83.461999,13.77345,16:10:08  8 May 2020
Trump,5/8/2020,I,39.043703,53.973191,16:10:07  8 May 2020
Trump,5/8/2020,D,13.217022,83.836094,16:10:07  8 May 2020
Trump,5/7/2020,all,43.527391,51.08373,18:50:08  7 May 2020
Trump,5/7/2020,R,83.317097,13.811324,18:50:07  7 May 2020
Trump,5/7/2020,I,39.085562,53.7043,18:50:06  7 May 2020
Trump,5/7/2020,D,13.41955,83.563279,18:50:06  7 May 2020
Trump,5/6/2020,all,43.655603,50.894868,19:45:08  6 May 2020
Trump,5/6/2020,R,83.382022,13.68619,19:45:07  6 May 2020
Trump,5/6/2020,I,39.103369,53.550822,19:45:06  6 May 2020
Trump,5/6/2020,D,13.494711,83.451647,19:45:05  6 May 2020
Trump,5/5/2020,all,43.748737,50.870262,19:20:08  5 May 2020
Trump,5/5/2020,R,83.822019,13.635373,19:20:07  5 May 2020
Trump,5/5/2020,I,39.690687,53.851262,19:20:06  5 May 2020
Trump,5/5/2020,D,13.767491,83.191241,19:20:05  5 May 2020
Trump,5/4/2020,all,44.332652,50.108971,15:10:10  4 May 2020
Trump,5/4/2020,R,84.37774,13.050827,15:10:09  4 May 2020
Trump,5/4/2020,I,40.349479,52.857029,15:10:08  4 May 2020
Trump,5/4/2020,D,14.218242,82.6836,15:10:07  4 May 2020
Trump,5/3/2020,R,84.402988,12.990336,15:40:07  3 May 2020
Trump,5/3/2020,all,44.339897,50.083323,15:40:08  3 May 2020
Trump,5/3/2020,I,40.514693,52.586407,15:40:06  3 May 2020
Trump,5/3/2020,D,14.099539,82.759887,15:40:05  3 May 2020
Trump,5/2/2020,all,44.409654,49.963317,07:00:09  2 May 2020
Trump,5/2/2020,R,84.335473,12.942272,07:00:08  2 May 2020
Trump,5/2/2020,I,40.702167,52.036788,07:00:07  2 May 2020
Trump,5/2/2020,D,14.704841,82.005949,07:00:06  2 May 2020
Trump,5/1/2020,all,44.394752,49.970502,19:00:08  1 May 2020
Trump,5/1/2020,R,84.436809,12.832509,19:00:07  1 May 2020
Trump,5/1/2020,I,40.543393,52.047182,19:00:06  1 May 2020
Trump,5/1/2020,D,14.885181,81.810927,19:00:06  1 May 2020
Trump,4/30/2020,all,44.38236,49.838213,15:45:08 30 Apr 2020
Trump,4/30/2020,R,84.445038,12.766416,15:45:07 30 Apr 2020
Trump,4/30/2020,I,40.636049,51.765014,15:45:06 30 Apr 2020
Trump,4/30/2020,D,15.053674,81.53073,15:45:05 30 Apr 2020
Trump,4/29/2020,all,44.840951,51.23337,17:30:08 29 Apr 2020
Trump,4/29/2020,R,84.25493,13.385338,17:30:07 29 Apr 2020
Trump,4/29/2020,I,40.819824,52.640807,17:30:07 29 Apr 2020
Trump,4/29/2020,D,15.165153,82.250193,17:30:06 29 Apr 2020
Trump,4/28/2020,all,45.027199,50.773073,23:00:10 28 Apr 2020
Trump,4/28/2020,R,84.104827,13.456611,23:00:09 28 Apr 2020
Trump,4/28/2020,I,41.226248,51.978261,23:00:08 28 Apr 2020
Trump,4/28/2020,D,15.355768,82.011378,23:00:07 28 Apr 2020
Trump,4/27/2020,all,45.787883,50.18898,17:45:07 27 Apr 2020
Trump,4/27/2020,R,84.416976,13.512887,17:45:07 27 Apr 2020
Trump,4/27/2020,I,42.361552,51.298262,17:45:06 27 Apr 2020
Trump,4/27/2020,D,15.87994,81.471039,17:45:05 27 Apr 2020
Trump,4/26/2020,I,42.493643,50.603156,08:05:06 27 Apr 2020
Trump,4/26/2020,all,45.872841,50.066345,08:05:09 27 Apr 2020
Trump,4/26/2020,R,84.485155,13.194751,08:05:08 27 Apr 2020
Trump,4/26/2020,D,15.754661,81.509713,08:05:05 27 Apr 2020
Trump,4/25/2020,all,45.738811,50.118182,07:55:07 25 Apr 2020
Trump,4/25/2020,R,84.48017,13.014901,07:55:06 25 Apr 2020
Trump,4/25/2020,I,42.61594,50.637171,07:55:06 25 Apr 2020
Trump,4/25/2020,D,15.459087,81.789385,07:55:05 25 Apr 2020
Trump,4/24/2020,all,45.734035,50.126516,14:10:08 24 Apr 2020
Trump,4/24/2020,R,84.483638,13.018056,14:10:07 24 Apr 2020
Trump,4/24/2020,I,42.640241,50.553328,14:10:06 24 Apr 2020
Trump,4/24/2020,D,15.481662,81.795911,14:10:05 24 Apr 2020
Trump,4/23/2020,all,45.912931,50.384815,15:25:07 23 Apr 2020
Trump,4/23/2020,R,84.548679,12.95986,15:25:06 23 Apr 2020
Trump,4/23/2020,I,42.628968,50.525937,15:25:05 23 Apr 2020
Trump,4/23/2020,D,15.471856,81.767101,15:25:04 23 Apr 2020
Trump,4/22/2020,all,46.053745,50.131403,15:55:07 22 Apr 2020
Trump,4/22/2020,R,85.163988,12.645017,15:55:06 22 Apr 2020
Trump,4/22/2020,I,42.802747,50.437464,15:55:06 22 Apr 2020
Trump,4/22/2020,D,15.903472,81.424771,15:55:05 22 Apr 2020
Trump,4/21/2020,all,46.435612,49.610024,21:40:07 21 Apr 2020
Trump,4/21/2020,R,85.390417,12.412588,21:40:07 21 Apr 2020
Trump,4/21/2020,I,42.863928,50.260858,21:40:06 21 Apr 2020
Trump,4/21/2020,D,16.533445,80.84239,21:40:05 21 Apr 2020
Trump,4/20/2020,all,47.275416,49.114244,19:15:08 20 Apr 2020
Trump,4/20/2020,R,86.245069,11.854432,19:15:07 20 Apr 2020
Trump,4/20/2020,I,43.100956,50.232875,19:15:06 20 Apr 2020
Trump,4/20/2020,D,16.867472,81.069713,19:15:06 20 Apr 2020
Trump,4/19/2020,all,47.25824,49.082732,09:05:07 19 Apr 2020
Trump,4/19/2020,R,86.439355,11.732316,09:05:06 19 Apr 2020
Trump,4/19/2020,I,43.140919,50.460086,09:05:06 19 Apr 2020
Trump,4/19/2020,D,16.861909,81.017887,09:05:05 19 Apr 2020
Trump,4/18/2020,all,47.539418,48.825956,17:35:06 18 Apr 2020
Trump,4/18/2020,R,86.439355,11.732316,17:35:06 18 Apr 2020
Trump,4/18/2020,I,43.140919,50.460086,17:35:05 18 Apr 2020
Trump,4/18/2020,D,16.861909,81.017887,17:35:04 18 Apr 2020
Trump,4/17/2020,R,86.177389,12.003525,14:30:05 17 Apr 2020
Trump,4/17/2020,all,47.388255,48.990832,14:30:06 17 Apr 2020
Trump,4/17/2020,I,42.829206,50.781664,14:30:05 17 Apr 2020
Trump,4/17/2020,D,16.719366,81.120212,14:30:04 17 Apr 2020
Trump,4/16/2020,R,86.184336,11.928543,17:45:06 16 Apr 2020
Trump,4/16/2020,all,47.458624,48.857986,17:45:06 16 Apr 2020
Trump,4/16/2020,I,43.170702,50.45786,17:45:05 16 Apr 2020
Trump,4/16/2020,D,17.120665,80.683463,17:45:04 16 Apr 2020
Trump,4/15/2020,all,47.590241,48.662873,17:00:07 15 Apr 2020
Trump,4/15/2020,R,86.178043,11.930337,17:00:07 15 Apr 2020
Trump,4/15/2020,I,43.209484,50.541542,17:00:06 15 Apr 2020
Trump,4/15/2020,D,17.136436,80.639771,17:00:06 15 Apr 2020
Trump,4/14/2020,R,86.187761,12.011755,19:35:06 14 Apr 2020
Trump,4/14/2020,all,47.772558,48.557815,19:35:06 14 Apr 2020
Trump,4/14/2020,I,43.395436,50.121555,19:35:05 14 Apr 2020
Trump,4/14/2020,D,17.692713,80.075176,19:35:04 14 Apr 2020
Trump,4/13/2020,all,47.755496,48.422567,19:05:06 13 Apr 2020
Trump,4/13/2020,R,86.07377,12.082773,19:05:05 13 Apr 2020
Trump,4/13/2020,I,43.437595,50.178838,19:05:04 13 Apr 2020
Trump,4/13/2020,D,17.849981,79.898285,19:05:04 13 Apr 2020
Trump,4/12/2020,all,47.739141,48.133345,06:50:11 13 Apr 2020
Trump,4/12/2020,R,86.43966,11.997893,06:50:10 13 Apr 2020
Trump,4/12/2020,I,43.6389,49.911799,06:50:09 13 Apr 2020
Trump,4/12/2020,D,17.781984,80.137044,06:50:08 13 Apr 2020
Trump,4/11/2020,all,47.739141,48.133345,07:50:06 11 Apr 2020
Trump,4/11/2020,R,86.43966,11.997893,07:50:05 11 Apr 2020
Trump,4/11/2020,I,43.6389,49.911799,07:50:05 11 Apr 2020
Trump,4/11/2020,D,17.781984,80.137044,07:50:04 11 Apr 2020
Trump,4/10/2020,D,17.784587,80.108491,09:55:04 10 Apr 2020
Trump,4/10/2020,all,47.738544,48.129085,09:55:06 10 Apr 2020
Trump,4/10/2020,R,86.471747,11.976082,09:55:05 10 Apr 2020
Trump,4/10/2020,I,43.683974,49.973708,09:55:05 10 Apr 2020
Trump,4/9/2020,all,47.768714,47.947816,18:30:06  9 Apr 2020
Trump,4/9/2020,R,86.454203,11.910723,18:30:05  9 Apr 2020
Trump,4/9/2020,I,43.398822,49.819028,18:30:05  9 Apr 2020
Trump,4/9/2020,D,18.101392,79.582666,18:30:04  9 Apr 2020
Trump,4/8/2020,all,47.622709,47.833119,22:10:05  8 Apr 2020
Trump,4/8/2020,R,86.474075,11.832238,22:10:04  8 Apr 2020
Trump,4/8/2020,I,43.488473,49.571945,22:10:04  8 Apr 2020
Trump,4/8/2020,D,18.477505,79.25025,22:10:03  8 Apr 2020
Trump,4/7/2020,all,48.40924,46.35629,23:20:05  7 Apr 2020
Trump,4/7/2020,R,85.401401,12.039739,23:20:05  7 Apr 2020
Trump,4/7/2020,I,43.578533,48.021063,23:20:04  7 Apr 2020
Trump,4/7/2020,D,19.910376,77.662169,23:20:04  7 Apr 2020
Trump,4/6/2020,all,48.568465,46.728485,23:50:05  6 Apr 2020
Trump,4/6/2020,R,86.405271,11.9526,23:50:05  6 Apr 2020
Trump,4/6/2020,I,43.603124,47.853435,23:50:04  6 Apr 2020
Trump,4/6/2020,D,19.689248,77.84439,23:50:04  6 Apr 2020
Trump,4/5/2020,all,49.249992,47.336715,10:50:07  6 Apr 2020
Trump,4/5/2020,I,45.719431,48.015941,10:50:05  6 Apr 2020
Trump,4/5/2020,R,86.194063,12.04489,10:50:06  6 Apr 2020
Trump,4/5/2020,D,19.804791,77.612691,10:50:04  6 Apr 2020
Trump,4/4/2020,all,49.249992,47.336715,00:30:05  4 Apr 2020
Trump,4/4/2020,R,86.194063,12.04489,00:30:05  4 Apr 2020
Trump,4/4/2020,I,45.719431,48.015941,00:30:04  4 Apr 2020
Trump,4/4/2020,D,19.804791,77.612691,00:30:04  4 Apr 2020
Trump,4/3/2020,all,49.271704,47.330635,13:35:06  3 Apr 2020
Trump,4/3/2020,R,86.266949,11.985825,13:35:05  3 Apr 2020
Trump,4/3/2020,I,45.931626,47.915171,13:35:05  3 Apr 2020
Trump,4/3/2020,D,19.767847,77.648466,13:35:04  3 Apr 2020
Trump,4/2/2020,R,86.01232,12.12269,17:45:26  2 Apr 2020
Trump,4/2/2020,all,49.23738,47.25014,17:45:39  2 Apr 2020
Trump,4/2/2020,D,19.98862,77.33357,17:45:02  2 Apr 2020
Trump,4/2/2020,I,45.48352,47.88953,17:45:13  2 Apr 2020
Trump,4/1/2020,all,49.23738,47.25014,17:45:40  2 Apr 2020
Trump,4/1/2020,R,86.01232,12.12269,17:45:26  2 Apr 2020
Trump,4/1/2020,I,45.48352,47.88953,17:45:14  2 Apr 2020
Trump,4/1/2020,D,19.98862,77.33357,17:45:03  2 Apr 2020
Trump,3/31/2020,I,45.49802,47.56918,17:45:14  2 Apr 2020
Trump,3/31/2020,D,20.20102,76.7868,17:45:03  2 Apr 2020
Trump,3/31/2020,R,85.75674,12.21222,17:45:27  2 Apr 2020
Trump,3/31/2020,all,49.22179,47.0874,17:45:40  2 Apr 2020
Trump,3/30/2020,D,20.06142,76.91564,17:45:03  2 Apr 2020
Trump,3/30/2020,R,85.65446,12.23169,17:45:27  2 Apr 2020
Trump,3/30/2020,I,45.27231,47.87676,17:45:14  2 Apr 2020
Trump,3/30/2020,all,49.18723,47.16372,17:45:41  2 Apr 2020
Trump,3/29/2020,all,49.13947,47.35137,17:45:41  2 Apr 2020
Trump,3/29/2020,I,45.47318,48.07618,17:45:15  2 Apr 2020
Trump,3/29/2020,D,20.39381,76.68404,17:45:03  2 Apr 2020
Trump,3/29/2020,R,85.40148,12.65846,17:45:27  2 Apr 2020
Trump,3/28/2020,D,20.98738,75.67297,17:45:04  2 Apr 2020
Trump,3/28/2020,all,49.44493,46.88109,17:45:41  2 Apr 2020
Trump,3/28/2020,I,46.06472,46.78419,17:45:15  2 Apr 2020
Trump,3/28/2020,R,85.36964,12.42568,17:45:28  2 Apr 2020
Trump,3/27/2020,all,49.5897,46.63401,17:45:42  2 Apr 2020
Trump,3/27/2020,R,85.36964,12.42568,17:45:28  2 Apr 2020
Trump,3/27/2020,D,20.98738,75.67297,17:45:04  2 Apr 2020
Trump,3/27/2020,I,46.06472,46.78419,17:45:15  2 Apr 2020
Trump,3/26/2020,I,46.08246,46.74518,17:45:16  2 Apr 2020
Trump,3/26/2020,D,20.96828,75.72034,17:45:04  2 Apr 2020
Trump,3/26/2020,all,49.63803,46.58516,17:45:42  2 Apr 2020
Trump,3/26/2020,R,85.54511,12.22322,17:45:28  2 Apr 2020
Trump,3/25/2020,I,46.24343,46.78221,17:45:16  2 Apr 2020
Trump,3/25/2020,D,21.10941,75.31313,17:45:05  2 Apr 2020
Trump,3/25/2020,R,85.54736,11.968,17:45:29  2 Apr 2020
Trump,3/25/2020,all,49.7131,46.1678,17:45:43  2 Apr 2020
Trump,3/24/2020,I,45.8362,46.60226,17:45:16  2 Apr 2020
Trump,3/24/2020,all,49.23752,46.332,17:45:43  2 Apr 2020
Trump,3/24/2020,D,21.41203,74.8215,17:45:05  2 Apr 2020
Trump,3/24/2020,R,85.24707,12.12342,17:45:29  2 Apr 2020
Trump,3/23/2020,all,48.73048,46.01105,17:45:43  2 Apr 2020
Trump,3/23/2020,D,21.55347,73.82361,17:45:05  2 Apr 2020
Trump,3/23/2020,I,45.95383,46.68736,17:45:17  2 Apr 2020
Trump,3/23/2020,R,85.83202,10.72082,17:45:29  2 Apr 2020
Trump,3/22/2020,I,44.96327,46.96952,17:45:17  2 Apr 2020
Trump,3/22/2020,all,48.09746,46.16106,17:45:44  2 Apr 2020
Trump,3/22/2020,D,21.01003,73.82213,17:45:05  2 Apr 2020
Trump,3/22/2020,R,85.12157,11.05162,17:45:30  2 Apr 2020
Trump,3/21/2020,all,46.52345,46.76443,17:45:44  2 Apr 2020
Trump,3/21/2020,D,18.9409,75.0639,17:45:06  2 Apr 2020
Trump,3/21/2020,I,44.06611,45.48122,17:45:17  2 Apr 2020
Trump,3/21/2020,R,84.4166,11.06131,17:45:30  2 Apr 2020
Trump,3/20/2020,D,18.9409,75.0639,17:45:06  2 Apr 2020
Trump,3/20/2020,I,44.06611,45.48122,17:45:17  2 Apr 2020
Trump,3/20/2020,all,46.52345,46.76443,17:45:44  2 Apr 2020
Trump,3/20/2020,R,84.4166,11.06131,17:45:30  2 Apr 2020
Trump,3/19/2020,R,84.25689,11.14524,17:45:30  2 Apr 2020
Trump,3/19/2020,all,46.37033,46.88491,17:45:45  2 Apr 2020
Trump,3/19/2020,D,18.61742,75.46741,17:45:06  2 Apr 2020
Trump,3/19/2020,I,43.6495,45.73281,17:45:18  2 Apr 2020
Trump,3/18/2020,all,44.8862,48.58893,17:45:45  2 Apr 2020
Trump,3/18/2020,R,83.02334,12.42957,17:45:31  2 Apr 2020
Trump,3/18/2020,D,16.56148,78.17043,17:45:06  2 Apr 2020
Trump,3/18/2020,I,41.88293,46.96523,17:45:18  2 Apr 2020
Trump,3/17/2020,D,15.93327,78.6246,17:45:07  2 Apr 2020
Trump,3/17/2020,I,40.7688,47.49585,17:45:18  2 Apr 2020
Trump,3/17/2020,all,44.38516,48.95124,17:45:45  2 Apr 2020
Trump,3/17/2020,R,82.80448,12.4597,17:45:31  2 Apr 2020
Trump,3/16/2020,D,14.79079,79.3261,17:45:07  2 Apr 2020
Trump,3/16/2020,I,40.22614,47.46221,17:45:19  2 Apr 2020
Trump,3/16/2020,R,82.85318,11.96639,17:45:31  2 Apr 2020
Trump,3/16/2020,all,43.88717,49.0646,17:45:46  2 Apr 2020
Trump,3/15/2020,all,43.98315,48.80058,17:45:46  2 Apr 2020
Trump,3/15/2020,D,15.12768,78.77473,17:45:07  2 Apr 2020
Trump,3/15/2020,I,40.2639,46.95118,17:45:19  2 Apr 2020
Trump,3/15/2020,R,83.10537,11.78995,17:45:32  2 Apr 2020
Trump,3/14/2020,D,13.7871,79.58198,17:45:07  2 Apr 2020
Trump,3/14/2020,all,43.4521,49.09134,17:45:46  2 Apr 2020
Trump,3/14/2020,I,38.7824,47.74377,17:45:19  2 Apr 2020
Trump,3/14/2020,R,82.54643,11.89394,17:45:32  2 Apr 2020
Trump,3/13/2020,all,43.45163,49.09423,17:45:47  2 Apr 2020
Trump,3/13/2020,D,13.77926,78.91908,17:45:08  2 Apr 2020
Trump,3/13/2020,I,39.10692,47.43478,17:45:19  2 Apr 2020
Trump,3/13/2020,R,82.20649,11.8823,17:45:32  2 Apr 2020
Trump,3/12/2020,I,38.85675,47.11414,17:45:20  2 Apr 2020
Trump,3/12/2020,D,13.95845,78.0076,17:45:08  2 Apr 2020
Trump,3/12/2020,R,82.34178,11.52723,17:45:32  2 Apr 2020
Trump,3/12/2020,all,43.16972,48.739,17:45:47  2 Apr 2020
Trump,3/11/2020,D,14.5282,78.27158,17:45:08  2 Apr 2020
Trump,3/11/2020,R,81.95955,11.1528,17:45:33  2 Apr 2020
Trump,3/11/2020,I,37.71305,46.64754,17:45:20  2 Apr 2020
Trump,3/11/2020,all,42.29969,49.0095,17:45:47  2 Apr 2020
Trump,3/10/2020,R,81.68439,11.11598,17:45:33  2 Apr 2020
Trump,3/10/2020,I,37.98592,46.30633,17:45:20  2 Apr 2020
Trump,3/10/2020,all,42.31873,47.46267,17:45:47  2 Apr 2020
Trump,3/10/2020,D,13.98956,78.5371,17:45:08  2 Apr 2020
Trump,3/9/2020,D,14.0151,78.38747,17:45:09  2 Apr 2020
Trump,3/9/2020,all,42.34501,47.45365,17:45:48  2 Apr 2020
Trump,3/9/2020,R,81.57394,11.32758,17:45:33  2 Apr 2020
Trump,3/9/2020,I,37.14943,47.03231,17:45:20  2 Apr 2020
Trump,3/8/2020,all,42.43144,47.1093,17:45:48  2 Apr 2020
Trump,3/8/2020,I,37.4336,46.27357,17:45:21  2 Apr 2020
Trump,3/8/2020,R,81.66932,10.86292,17:45:33  2 Apr 2020
Trump,3/8/2020,D,13.80473,78.24803,17:45:09  2 Apr 2020
Trump,3/7/2020,D,15.57754,74.7625,17:45:09  2 Apr 2020
Trump,3/7/2020,I,38.23336,43.01685,17:45:21  2 Apr 2020
Trump,3/7/2020,R,80.15667,11.1448,17:45:34  2 Apr 2020
Trump,3/7/2020,all,42.08604,45.39878,17:45:48  2 Apr 2020
Trump,3/6/2020,I,39.00039,40.66616,17:45:21  2 Apr 2020
Trump,3/6/2020,R,80.57852,11.09188,17:45:34  2 Apr 2020
Trump,3/6/2020,D,17.32803,71.57773,17:45:09  2 Apr 2020
Trump,3/6/2020,all,42.80269,43.73902,17:45:49  2 Apr 2020
Trump,3/5/2020,all,42.80269,43.73902,17:45:49  2 Apr 2020
Trump,3/5/2020,D,17.32803,71.57773,17:45:09  2 Apr 2020
Trump,3/5/2020,I,39.00039,40.66616,17:45:21  2 Apr 2020
Trump,3/5/2020,R,80.57852,11.09188,17:45:34  2 Apr 2020
Trump,3/4/2020,I,39.44207,39.42209,17:45:22  2 Apr 2020
Trump,3/4/2020,D,18.44423,69.97042,17:45:10  2 Apr 2020
Trump,3/4/2020,R,81.18703,10.96929,17:45:34  2 Apr 2020
Trump,3/4/2020,all,43.40927,42.81175,17:45:49  2 Apr 2020
Trump,3/3/2020,I,39.44207,39.42209,17:45:22  2 Apr 2020
Trump,3/3/2020,R,81.18703,10.96929,17:45:35  2 Apr 2020
Trump,3/3/2020,all,43.40927,42.81175,17:45:50  2 Apr 2020
Trump,3/3/2020,D,18.44423,69.97042,17:45:10  2 Apr 2020
Trump,3/2/2020,I,41.74471,36.27087,17:45:22  2 Apr 2020
Trump,3/2/2020,all,46.41595,39.05365,17:45:50  2 Apr 2020
Trump,3/2/2020,R,82.4118,10.4637,17:45:35  2 Apr 2020
Trump,3/2/2020,D,20.95956,64.32472,17:45:10  2 Apr 2020
Trump,3/1/2020,D,20.95956,64.32472,17:45:10  2 Apr 2020
Trump,3/1/2020,all,46.41595,39.05365,17:45:50  2 Apr 2020
Trump,3/1/2020,I,41.74471,36.27087,17:45:22  2 Apr 2020
Trump,3/1/2020,R,82.4118,10.4637,17:45:35  2 Apr 2020
Trump,2/29/2020,R,82.36564,10.65129,17:45:35  2 Apr 2020
Trump,2/29/2020,D,21.65126,62.79855,17:45:10  2 Apr 2020
Trump,2/29/2020,I,42.66567,35.38785,17:45:23  2 Apr 2020
Trump,2/29/2020,all,47.15636,38.02801,17:45:50  2 Apr 2020
Trump,2/28/2020,R,82.36564,10.65129,17:45:36  2 Apr 2020
Trump,2/28/2020,I,42.66567,35.38785,17:45:23  2 Apr 2020
Trump,2/28/2020,D,21.65126,62.79855,17:45:11  2 Apr 2020
Trump,2/28/2020,all,47.15636,38.02801,17:45:51  2 Apr 2020
Trump,2/27/2020,all,45.95594,28.85493,17:45:51  2 Apr 2020
Trump,2/27/2020,I,40.96081,24.71771,17:45:23  2 Apr 2020
Trump,2/27/2020,D,21.46453,51.86199,17:45:11  2 Apr 2020
Trump,2/27/2020,R,80.51995,6.930058,17:45:36  2 Apr 2020
Trump,2/26/2020,all,45.95594,28.85493,17:45:51  2 Apr 2020
Trump,2/26/2020,D,21.46453,51.86199,17:45:11  2 Apr 2020
Trump,2/26/2020,I,40.96081,24.71771,17:45:23  2 Apr 2020
Trump,2/26/2020,R,80.51995,6.930058,17:45:36  2 Apr 2020
Trump,2/25/2020,D,20.31643,50.71891,17:45:11  2 Apr 2020
Trump,2/25/2020,I,38.52853,24.6117,17:45:23  2 Apr 2020
Trump,2/25/2020,R,79.80868,6.367058,17:45:36  2 Apr 2020
Trump,2/25/2020,all,44.34497,28.33005,17:45:51  2 Apr 2020
Trump,2/24/2020,R,80.49252,6.084507,17:45:37  2 Apr 2020
Trump,2/24/2020,all,45.74806,27.53751,17:45:52  2 Apr 2020
Trump,2/24/2020,D,23.08517,48.37065,17:45:11  2 Apr 2020
Trump,2/24/2020,I,40.32019,24.01075,17:45:24  2 Apr 2020
Trump,2/23/2020,all,45.74806,27.53751,17:45:52  2 Apr 2020
Trump,2/23/2020,I,40.32019,24.01075,17:45:24  2 Apr 2020
Trump,2/23/2020,R,80.49252,6.084507,17:45:37  2 Apr 2020
Trump,2/23/2020,D,23.08517,48.37065,17:45:11  2 Apr 2020
Trump,2/22/2020,all,45.74806,27.53751,17:45:52  2 Apr 2020
Trump,2/22/2020,I,40.32019,24.01075,17:45:24  2 Apr 2020
Trump,2/22/2020,R,80.49252,6.084507,17:45:37  2 Apr 2020
Trump,2/22/2020,D,23.08517,48.37065,17:45:12  2 Apr 2020
Trump,2/21/2020,I,40.32019,24.01075,17:45:24  2 Apr 2020
Trump,2/21/2020,R,80.49252,6.084507,17:45:37  2 Apr 2020
Trump,2/21/2020,D,23.08517,48.37065,17:45:12  2 Apr 2020
Trump,2/21/2020,all,45.74806,27.53751,17:45:52  2 Apr 2020
Trump,2/20/2020,D,23.08517,48.37065,17:45:12  2 Apr 2020
Trump,2/20/2020,R,80.49252,6.084507,17:45:38  2 Apr 2020
Trump,2/20/2020,all,45.74806,27.53751,17:45:53  2 Apr 2020
Trump,2/20/2020,I,40.32019,24.01075,17:45:24  2 Apr 2020
Trump,2/19/2020,all,45.74806,27.53751,17:45:53  2 Apr 2020
Trump,2/19/2020,D,23.08517,48.37065,17:45:12  2 Apr 2020
Trump,2/19/2020,R,80.49252,6.084507,17:45:38  2 Apr 2020
Trump,2/19/2020,I,40.32019,24.01075,17:45:25  2 Apr 2020
Trump,2/18/2020,all,45.74806,27.53751,17:45:53  2 Apr 2020
Trump,2/18/2020,I,40.32019,24.01075,17:45:25  2 Apr 2020
Trump,2/18/2020,D,23.08517,48.37065,17:45:12  2 Apr 2020
Trump,2/18/2020,R,80.49252,6.084507,17:45:38  2 Apr 2020
Trump,2/17/2020,R,80.40076,5.410971,17:45:38  2 Apr 2020
Trump,2/17/2020,D,27.09484,44.86655,17:45:13  2 Apr 2020
Trump,2/17/2020,I,41.35748,23.84617,17:45:25  2 Apr 2020
Trump,2/17/2020,all,46.82001,26.48684,17:45:53  2 Apr 2020
Trump,2/16/2020,R,80.40076,5.410971,17:45:39  2 Apr 2020
Trump,2/16/2020,D,27.09484,44.86655,17:45:13  2 Apr 2020
Trump,2/16/2020,I,41.35748,23.84617,17:45:25  2 Apr 2020
Trump,2/16/2020,all,46.82001,26.48684,17:45:54  2 Apr 2020
Trump,2/15/2020,R,80.40076,5.410971,17:45:39  2 Apr 2020
Trump,2/15/2020,all,46.82001,26.48684,17:45:54  2 Apr 2020
Trump,2/15/2020,D,27.09484,44.86655,17:45:13  2 Apr 2020
Trump,2/15/2020,I,41.35748,23.84617,17:45:25  2 Apr 2020
